,Company,Name,Full Name,Location,Phone,Email
0,Association,,,Kozhikode,1520153,
1,of,,,Thiruvananthapuram,9447358701,
2,Engineers,,,,9544339218,
3,Kerala,,,,,
4,},,,,,
5,Member,,,,,
6,Login,,,,,
7,,,,,,
8,&,,,,,
9,nbsp,,,,,
10,>,,,,,
11,State,,,,,
12,Committee,,,,,
13,District,,,,,
14,Committee,,,,,
15,9544339218,,,,,
16,Office,,,,,
17,Address,,,,,
18,Association,,,,,
19,of,,,,,
20,Engineers,,,,,
21,Kerala,,,,,
22,PMG,,,,,
23,Junction,,,,,
24,Association,,,,,
25,of,,,,,
26,Engineers,,,,,
27,Kerala,,,,,
